 ,Estimates,Std.Error,Row,Letter,Full_Protein_Animal_Phylostratigraphy_Slope,Domain_Animal_Phylostratigraphy_Slope,Random_Peptide_Marginals_AA_Freq,Random_Peptide_AA_Std,Mean_RSA,Polarity.x,num_Codons,Random_Peptide_Marginals_Codons,Chronology,Amino_Acid,species_effect_vs_CAIS_slope_old,species_effect_vs_CAIS_std_old,PIC_of_species_effect_vs_CAIS_slope_ignorepls,PIC_species_effect_vs_CAIS_std_ignorepls,RaifordAerobicCost.x,TourasseChangeability.x,Hydrophobicity,Levy_Stickiness,N1redun,N2redun,N3redun,numcodons,GCvATn2redun,GCvATn1redun,PAM_sub,BLOSUM_sub,pair,MarginalEffect,Std.Err,Disorder_Propensity,X3.letter,SlopeAnimal..1496,StErrAnimal..1496,PvalueAnimal..1496,SlopePlant..1496,StErrPlant..1496,PvaluePlant..1496,SlopeAnimal..2101,StErrAnimal..2101,PvalueAnimal..2101,SlopePlant..2101,StErrPlant..2101,PvaluePlant..2101,Slope..2101,StErr..2101,Pvalue..2101,Nitrogen_rich,Essential,Essential_Costa2015,Mean.RSA,LevyStickiness,RandomPeptidesMarginals,Jordan.2005,Jordan_Chronology,Amino_Acid,TrifonovConsensusOrderOfRecruitment_2009,TrifonovConsensusOrderOfRecruitment_2004ties,TrifonovConsensusOrderOfRecruitment_2004,TrifonovConsensusOrderOfRecruitment_2000,TrifonovConsensusOrderOfRecruitment_2000ties,Average_rank_Trifonov2004,TrifonovRecalculated,X..Codons,Polarity.y,TourasseChangeability.y,TourasseChangeabilityNonTrans,TourasseChangeabilityTrans,RaifordAerobicCost.y,VolumeA3,MolecularWeightsDa,wtd_ENC_slope,wtd_ENC_std_error,wtd_CAIS_slope,wtd_CAIS_std_error,wtd_negfullENC_slope,wtd_negfullENC_std_error,D_primate,Error_primate,D_rodent,Error_rodent,model_2_Dflux_residuals,residual_error,residual_marginal_effect,HOMO_LUMO,Relative_aafreq_CM2meteorites,Relative_aafreq_CR2meteorites,CV3/CO3/CI1,CM2,CR2,AA_abundance_Murchison,Amino_Acid,Moosmann_category,,prebiotic_RelativeAbundance,electricdischarge_ReativeAbundance,Murchison_relative_D_abundance,Murchison_relative_L_abundance,avg_GRA_95229_hydroandunhydro,avg_LAP_02342_hydroandunhydro,QUE_99177,avg_EET_92042,avg_Shisr_033,all_CR2_average,log_CR2_avg,avg_all_hdyrothermal,avg_3avg_hydrothermal_experiments,Multi_Average rank_Trifonov2004,Single_Average rank_Trifonov2004,Average_rank_Trifonov2004with0.7ties,Raw_avg_2000,Raw_rank_2000,Filtered_avg_2000,Filtered_sd_2000,Filtered_rank_2000,GC_content,distanceofAARSfromprotozyme
A,0.061574506,0.014517758,1,A,-6.88E-07,2.73E-06,0.086,0.017,0.782,-0.06,4,0.083,2,Alanine,0.0294,0.01135,0.05291,0.01044,14.5,4.32,0,0.0062,0,0,4,4,second-position-GC,first-position-GC,2,4,none,0.03596913,0.010600477,0.45,Ala,-2.10E-06,1.77E-06,0.2361751,7.48E-06,8.08E-06,0.3557452,9.23E-06,1.56E-06,3.36E-09,8.67E-06,1.66E-06,1.85E-07,9.33E-06,1.42E-06,5.87E-11,1 Nitrogen atom,Non-essential,Non-essential,0.782,0.0062,0.039,0.0239,2,Alanine,2,2,2,2,1,4,2,4,-0.06,4.32,5.94,22.02,14.5,88.6,89,-0.0023799,0.0006599,0.02305,0.01169,0.000643,0.0001779,-0.021152443,0.027007306,-0.022306916,0.010587495,-0.027235946,0.012328399,0.02213213,11,0.91,0.95,1,1,1,45,Alanine,Membrane anchor ,,1000,1000,16,32,578.5,4739,7133,45519,816,14492.375,4.161139563,0.639555556,1.457166667,4.1,3.9,1,4.9,2,2.9,0.3,2,10,3
C,-0.001191586,0.004824591,2,C,1.76E-07,-2.41E-06,0.0013,0.022,0.899,1.36,2,-0.02,16,Cysteine,-0.001593,0.001707,0.0008278,0.0025017,26.5,1,NA,1.0372,0,0,2,2,second-position-GC,first-position-AT,12,9,none,-0.004194031,0.013542781,0,Cys,-1.88E-06,2.11E-06,0.3746901,-2.07E-05,8.89E-06,0.02100993,-5.92E-06,1.40E-06,2.51E-05,-6.56E-06,1.34E-06,1.08E-06,-5.93E-06,1.34E-06,1.09E-05,1 Nitrogen atom,Conditionally essential,Non-essential,0.899,1.0372,0.00098,-0.0067,16,Cysteine,17,16,16,15,15,13.8,15,2,1.36,1,2.09,4.73,26.5,108.5,121,0.0001918,0.0001012,-0.0007912,0.0017535,-0.0003239,2.63E-05,0.155778894,0.050125471,0.092482423,0.023255814,-0.030429019,0.026735869,0.006215969,9.5,NA,NA,0,0,0,NA,Cysteine,Metal binding ,,NA,NA,NA,NA,NA,NA,NA,NA,NA,NA,NA,NA,NA,13.8,13.9,14,12.4,15,14.3,0.6,15,3,4
D,0.009109333,0.007548097,3,D,1.75E-06,1.36E-06,0.039,0.026,0.634,-0.8,2,0.094,3,Aspartic Acid,0.017963,0.004717,-0.010183,0.004961,15.5,3.44,-1,-0.7485,0,0,2,2,second-position-AT,first-position-GC,4,6,D-E,0.018869565,0.01721113,0.407,Asp,2.54E-06,1.42E-06,0.07377422,-7.41E-06,3.83E-06,0.05472696,1.72E-07,1.12E-06,0.8775773,-3.97E-07,1.11E-06,0.7211368,2.87E-08,1.06E-06,0.978363,1 Nitrogen atom,Non-essential,Non-essential,0.634,-0.7485,0.024,0.0039,3,Aspartic Acid,3,3,3,3,3,6,3,2,-0.8,3.44,5.25,9.54,15.5,111.1,133,-0.0007318,0.0002994,0.021329,0.004852,0.0007599,7.85E-05,-0.084087969,0.0359675,0.042467779,0.014535559,0.061613515,0.016891444,0.013117065,11,0.7,0.43,1,1,1,9,Aspartic Acid,Membrane anchor ,,34,29,8.4,29,3.5,146.75,1082,932.5,323.5,541.1875,2.733347757,83.78341667,56.0405,4.2,7.7,3,7.2,4,7,0.7,4,3,6
E,-0.056190679,0.009056956,4,E,-1.50E-06,-3.85E-06,-0.0034,0.024,0.589,-0.77,2,-0.044,7,Glutamic Acid,-0.040836,0.004583,-0.024497,0.005784,9.5,3.26,-1,-0.7893,0,0,2,2,second-position-AT,first-position-GC,4,5,D-E,-0.014983854,0.016332653,0.781,Glu,9.95E-06,2.19E-06,5.82E-06,-5.11E-06,6.77E-06,0.4514546,-2.46E-06,1.29E-06,0.05658818,-5.25E-07,1.42E-06,0.7111336,-1.93E-06,1.26E-06,0.1261407,1 Nitrogen atom,Non-essential,Non-essential,0.589,-0.7893,-0.0099,0.0137,7,Glutamic Acid,7,7,7,7,7,8.1,6,2,-0.77,3.26,4.94,9.89,9.5,138.4,147,0.0020417,0.0003137,-0.04342,0.004782,-0.001111,9.38E-05,-0.163498099,0.027576372,-0.128699243,0.013117081,-0.036329521,0.015046055,-0.028613354,11,0.82,0.77,1,1,1,28,Glutamic Acid,Halophilic folding ,,NA,NA,8.8,34,127.5,1487.5,6959,6928,732,3875.5,3.588327741,0.143428571,0.140888889,6.3,9.9,5,8.2,6,7.2,0.6,5,3,4
F,-0.023064626,0.00772071,5,F,1.51E-06,2.95E-06,-0.082,0.022,0.864,1.27,2,-0.069,17,Phenalalanine,-0.007342,0.001959,-0.01416,0.00378,61,1.71,1,1.2727,0,0,0,2,second-position-AT,first-position-AT,9,6,F-Y,-0.03414168,0.01528529,0.117,Phe,2.35E-06,1.35E-06,0.08084958,1.92E-06,4.03E-06,0.6346678,-5.39E-06,1.04E-06,2.57E-07,-5.19E-06,1.08E-06,1.60E-06,-5.77E-06,1.02E-06,1.63E-08,1 Nitrogen atom,Essential,Essential,0.864,1.2727,-0.031,-0.0042,17,Phenalalanine,16,17,17,17,17,14.2,16,2,1.27,1.71,2.41,9.31,61,189.9,165,0.0002504,0.0001252,-0.008056,0.002041,0.0007131,3.26E-05,0.107758621,0.046423835,0.02788536,0.019679854,-0.05733892,0.022791447,-0.00579518,10,0.62,0.53,0,1,1,2,Phenalalanine,Metal binding ,,29,13,NA,NA,16.5,85,NA,NA,NA,50.75,1.705436047,NA,NA,15.1,13.2,14,13,16,15.1,0.4,17,1,3
G,0.096847208,0.011143487,6,G,1.38E-06,5.45E-06,0.044,0.015,0.731,-0.41,4,0.053,1,Glycine,0.032299,0.005891,0.02481,0.007233,14.5,2.94,0,-0.1771,0,0,4,4,second-position-GC,first-position-GC,5,6,none,0.018128063,0.008914645,0.437,Gly,-1.18E-05,2.03E-06,7.04E-09,5.35E-07,5.96E-06,0.9286133,9.01E-06,1.55E-06,7.01E-09,7.99E-06,1.58E-06,4.36E-07,8.71E-06,1.51E-06,8.57E-09,1 Nitrogen atom,Conditionally essential,Non-essential,0.731,-0.1771,0.021,0.0063,1,Glycine,1,1,1,1,1,3.5,1,4,-0.41,2.94,4.74,9.07,14.5,60.1,75,-0.0021247,0.0003282,0.029394,0.005944,0.002525,9.80E-05,-0.05513308,0.030831321,-0.010509297,0.012715404,0.001486905,0.014755386,-0.003149437,11,1,1,1,1,1,100,Glycine,Membrane anchor ,,2273,26475,100,100,630.5,6874,14134,25925,482.5,11890.875,4.075213814,40.60727273,49.32364444,4.2,2.8,1,4.4,1,2.9,0.3,1,10,5
H,0.010394595,0.003045766,7,H,1.83E-07,2.87E-07,-0.054,0.028,0.731,0.49,2,-0.059,14,Histidine,0.011504,0.002391,0.005888,0.002665,29,4.22,-1,0.1204,0,0,2,2,second-position-AT,first-position-GC,6,8,H-Q,-0.031491091,0.017826909,0.259,His,-4.20E-07,9.72E-07,0.6660983,-2.41E-06,3.04E-06,0.4298926,-1.70E-06,7.15E-07,0.01740469,-1.49E-06,7.57E-07,0.0489517,-1.73E-06,6.85E-07,0.01185594,Nitrogen rich,Essential,Essential,0.731,0.1204,-0.028,-0.0073,14,Histidine,15,14,14,16,16,13,17,2,0.49,4.22,7.63,7.69,29,153.2,155,-0.000781,0.0001335,0.010515,0.002405,0.001198,3.89E-05,0.15483871,0.040160966,0.07071923,0.017347417,-0.04798139,0.020061571,-0.019313591,10,NA,NA,0,0,0,NA,Histidine,Metal binding ,,10,16,NA,NA,NA,NA,NA,NA,NA,NA,NA,NA,NA,13.2,12.7,14,13.3,17,14.9,0.5,16,3,4
I,-0.101535933,0.010759563,8,I,3.38E-06,5.10E-06,-0.14,0.026,0.875,1.31,3,-0.16,11,Isoleucine,-0.083034,0.007031,-0.05489,0.0093,38,3.95,1,1.1109,0,0,3,3,second-position-AT,first-position-AT,5,4,I-V,-0.071504019,0.016452096,0.09,Ile,6.92E-06,1.40E-06,7.71E-07,-2.98E-07,4.08E-06,0.9419102,4.17E-06,1.05E-06,7.16E-05,3.78E-06,1.06E-06,0.000395926,3.87E-06,9.51E-07,4.85E-05,1 Nitrogen atom,Essential,Essential,0.875,1.1109,-0.069,-0.0089,11,Isoleucine,11,12,12,14,14,11.4,12,3,1.31,3.95,6.07,24.77,38,166.7,131,0.0049204,0.0003915,-0.081427,0.006957,-0.0029236,0.0001542,0.067121729,0.033729163,-0.036356959,0.013550683,-0.088066036,0.015753272,-0.048533019,11,0.71,0.65,0,1,1,5,Isoleucine,Halophilic folding ,,14,22,7.7,27,9,233.5,NA,NA,NA,121.25,2.083681747,0.062833333,0.073666667,11.9,10.9,10,11.2,10,13,0.5,14,1,7
K,-0.134890916,0.010085081,9,K,1.06E-07,-1.75E-06,-0.066,0.03,0.554,-1.18,2,-0.014,15,Lysine,-0.080774,0.009165,-0.07833,0.01087,36,3.03,-1,-1.1806,0,0,2,2,second-position-AT,first-position-AT,5,5,R-K,-0.018064237,0.020616618,0.588,Lys,8.26E-06,2.07E-06,6.63E-05,5.82E-06,6.63E-06,0.3807064,-1.68E-06,1.46E-06,0.2498303,-7.03E-07,1.50E-06,0.6397353,-1.61E-06,1.36E-06,0.2353098,Nitrogen rich,Essential,Essential,0.554,-1.1806,-0.015,0.0065,15,Lysine,14,15,15,12,12,13.3,11,2,-1.18,3.03,4.27,12.32,36,168.3,146,0.0049596,0.0004887,-0.075995,0.009043,-0.004196,0.000172,-0.055888224,0.031591201,-0.213328076,0.014041399,-0.166548776,0.016201456,-0.015312237,10.5,0.78,0,0,1,0,NA,Lysine,Mesophilic folding ,,NA,NA,NA,NA,NA,NA,NA,NA,NA,NA,NA,0.186,0.247,13.4,13.2,14,12,13,12.3,0.5,12,1,5
L,0.020713741,0.013309254,10,L,-7.14E-07,1.41E-06,-0.02,0.015,0.853,1.21,6,-0.047,8,Leucine,0.02764,0.00818,0.039639,0.007815,37,2.25,1,0.9138,2,0,4,6,second-position-AT,NOPE,6,4,L-M,-0.017150723,0.00947587,0.195,Leu,1.36E-05,2.28E-06,2.82E-09,2.79E-06,7.28E-06,0.7023908,6.12E-07,1.61E-06,0.7043893,-4.77E-07,1.66E-06,0.7741583,8.91E-07,1.58E-06,0.5734422,1 Nitrogen atom,Essential,Essential,0.853,0.9138,-0.011,0.0017,8,Leucine,8,8.5,9,8,7,9.9,8,6,1.21,2.25,4.11,14.78,37,166.7,131,-0.0020185,0.0004585,0.023099,0.008184,0.0009155,0.0001267,-0.041778976,0.025958707,-0.037109649,0.011833698,-0.028043674,0.013625306,0.001462777,11,0.7,0.61,0,1,1,5,Leucine,Halophilic folding ,,22,4,2.6,30,22,261,NA,NA,199,141.5,2.15075644,250.50725,250.50725,9.5,10.3,8,9.4,8,9.5,0.7,8,6,8
M,0.000780939,0.004784179,11,M,-3.69E-07,9.49E-07,-0.06,0.035,0.841,1.27,1,-0.084,19,Methionine,0.01269,0.006109,-0.001411,0.004392,36.5,4.13,1,1.0124,0,0,0,1,second-position-AT,first-position-AT,6,5,L-M,-0.029984469,0.022340569,0.291,Met,1.41E-06,7.90E-07,0.07520578,-1.33E-07,2.65E-06,0.9600021,6.04E-07,6.02E-07,0.3158916,9.26E-07,6.38E-07,0.1471159,6.83E-07,5.76E-07,0.2357229,1 Nitrogen atom,Essential,Essential,0.841,1.0124,-0.028,-0.0088,19,Methionine,18,19,19,18,18,15.4,18,1,1.27,4.13,6.57,23.45,36.5,162.9,149,-0.0003699,0.0003831,0.017214,0.006369,-0.0009673,9.83E-05,0.208103131,0.042914108,0.140298507,0.019316685,-0.019853885,0.022265034,-0.016418969,9,NA,NA,0,0,0,5,Methionine,Antioxidant,,NA,NA,NA,NA,NA,NA,NA,NA,NA,NA,NA,NA,NA,15.9,15,18,14,18,15.4,0.4,18,1,5
N,-0.077255039,0.010973429,12,N,1.58E-06,-2.01E-07,-0.024,0.033,0.658,-0.48,2,-0.058,11,Asparagine,-0.041661,0.007636,-0.04423,0.00779,18.5,4.1,-1,-0.2693,0,0,2,2,second-position-AT,first-position-AT,2,6,none,-0.021380176,0.022013238,0.285,Asn,-1.38E-06,1.23E-06,0.262654,2.43E-06,3.62E-06,0.5032409,-3.37E-06,8.60E-07,9.25E-05,-3.74E-06,8.88E-07,2.60E-05,-3.59E-06,8.01E-07,7.37E-06,Nitrogen rich,Non-essential,Non-essential,0.658,-0.2693,-0.017,-0.0073,11,Asparagine,13,12,11,11,11,11.3,10,2,-0.48,4.1,5.01,7.71,18.5,114.1,132,0.002708,0.000429,-0.037247,0.007758,-0.0007761,0.0001272,0.103030303,0.038924947,-0.064451827,0.014882337,-0.131398657,0.017356845,-0.021229676,11,NA,NA,0,0,0,NA,Asparagine,Mesophilic folding ,,30,8,NA,NA,NA,NA,NA,NA,NA,NA,NA,NA,NA,11.4,11.2,10,11.8,11,12.2,0.7,11,1,5
P,0.100387576,0.018746624,13,P,-4.23E-06,-5.96E-06,0.11,0.02,0.658,0,4,0.11,5,Proline,0.020066,0.006922,0.051203,0.006167,14.5,3.03,-1,-0.1799,0,0,4,4,second-position-GC,first-position-GC,6,7,none,0.033947821,0.012618252,1,Pro,-2.27E-05,2.40E-06,9.63E-21,6.43E-07,5.29E-06,0.9034263,-7.62E-07,1.12E-06,0.4968856,8.12E-08,1.09E-06,0.9406974,-4.23E-07,1.07E-06,0.6922511,1 Nitrogen atom,Conditionally essential,Non-essential,0.658,-0.1799,0.043,0.0139,5,Proline,6,5,5,5,5,7.3,7,4,0,3.03,5.21,5.67,14.5,112.7,115,-0.0015563,0.0003987,0.015631,0.007096,0.0008287,0.0001084,-0.244986922,0.02952693,-0.074779378,0.012442778,0.053836644,0.014416483,0.004033821,11,0.79,0.59,0,1,1,16,Proline,Halophilic folding ,,12,143,NA,NA,31.5,123,NA,NA,NA,77.25,1.887898488,0.0083,0.009388889,7.2,7.4,5,8.3,7,7.5,0.6,6,10,5
Q,-0.002703676,0.00624045,14,Q,-2.52E-06,-5.06E-06,0.034,0.026,0.636,-0.73,2,0.057,11,Glutamine,0.009226,0.005357,-0.007342,0.005343,10.5,3.73,-1,-0.4114,0,0,2,2,second-position-AT,first-position-GC,4,5,H-Q,0.02113474,0.017356141,0.665,Gln,3.46E-06,1.79E-06,0.05328059,-3.20E-06,5.94E-06,0.5904579,-3.86E-06,8.12E-07,2.10E-06,-2.92E-06,7.92E-07,0.000229991,-3.57E-06,7.36E-07,1.28E-06,Nitrogen rich,Conditionally essential,Non-essential,0.636,-0.4114,0.027,-0.002,11,Glutamine,12,12,13,13,13,11.4,13,2,-0.73,3.73,4.84,4.68,10.5,143.8,146,-0.0007692,0.0003075,0.006058,0.005362,0.00143,8.07E-05,-0.035490605,0.032308533,-0.113986445,0.014331119,-0.095397661,0.016538478,0.01383124,11,NA,NA,0,0,0,NA,Glutamine,Mesophilic folding ,,692,11,NA,NA,NA,NA,NA,NA,NA,NA,NA,NA,NA,9.9,12.8,10,12.4,14,13,0.4,13,3,4
R,0.083717803,0.00766964,15,R,-1.29E-06,-2.24E-06,-0.018,0.015,0.639,-0.84,6,-0.014,10,Arginine,0.056297,0.006307,0.05894,0.0111,20.5,3.37,-1,-0.0876,2,0,4,6,second-position-GC,NOPE,6,5,R-K,-0.009631155,0.008768144,0.394,Arg,2.98E-06,1.94E-06,0.1232735,8.46E-06,5.85E-06,0.1495614,-6.24E-07,1.20E-06,0.6034024,-3.41E-07,1.32E-06,0.7964742,-2.78E-07,1.17E-06,0.8122064,Nitrogen rich,Conditionally essential,Non-essential,0.639,-0.0876,-0.0066,-0.0038,10,Arginine,10,10,10,10,10,11,14,6,-0.84,3.37,4.26,11.6,20.5,173.4,174,-0.0033827,0.0003482,0.053019,0.006319,0.0023576,0.0001201,0.033984093,0.026889883,0.197010295,0.011875346,0.124217563,0.013709321,0.002599845,10.5,NA,NA,0,0,0,NA,Arginine,Mesophilic folding ,,20,2,NA,NA,NA,NA,NA,NA,NA,NA,NA,NA,NA,10.2,11.7,10,12,12,11.5,0.7,10,13,4
S,0.024355381,0.013698795,16,S,-3.83E-06,-7.75E-06,0.062,0.015,0.722,-0.5,6,0.066,6,Serine,0.024751,0.007839,0.023821,0.009348,14.5,3.96,-1,0.1376,2,2,4,6,second-position-GC,first-position-AT,2,4,none,0.028357303,0.008863333,0.713,Ser,-1.42E-05,2.19E-06,1.19E-10,6.33E-07,6.71E-06,0.9250434,-1.61E-06,1.00E-06,0.107516,-3.26E-06,1.13E-06,0.003988755,-1.40E-06,1.00E-06,0.163653,1 Nitrogen atom,Non-essential,Non-essential,0.722,0.1376,0.031,-0.017,6,Serine,5,6,6,6,6,7.6,5,6,-0.5,3.96,6.07,12.22,14.5,89,105,-0.0008545,0.0004834,0.027345,0.007968,0.0011438,0.0001252,0.05508982,0.024470439,0.022559073,0.009442791,-0.032431197,0.011006526,0.003717803,11,0.8,0.29,1,1,1,6,Serine,Halophilic folding ,,96,5,11,35,7,31,1294,742,219,518.5,2.714748761,0.197363636,0.237666667,8,7.1,5,7.9,5,7.7,0.7,7,3,4
T,0.000925584,0.007104502,17,T,8.32E-07,-4.20E-07,0.016,0.022,0.728,-0.27,4,0.024,8,Theonine,0.002166,0.005973,-0.00412,0.005264,21.5,4.26,-1,0.1031,0,0,4,4,second-position-GC,first-position-AT,3,5,none,-0.001598737,0.01401164,0.401,Thr,-3.48E-06,1.36E-06,0.01051044,6.53E-07,3.78E-06,0.8630705,2.38E-06,8.91E-07,0.00760904,1.45E-06,9.69E-07,0.1335275,1.54E-06,8.56E-07,0.07302443,1 Nitrogen atom,Essential,Essential,0.728,0.1031,0.0024,-0.0091,8,Theonine,9,8.5,8,9,9,9.4,9,4,-0.27,4.26,5.32,17.54,21.5,116.1,119,0.0003484,0.0003624,0.005757,0.006189,-0.000817,9.30E-05,0.041594454,0.02943724,0.076982692,0.011365104,0.020287365,0.013246759,-0.005702237,11,0.72,0.34,0,1,1,5,Theonine,Halophilic folding ,,NA,NA,0,19,18,39,NA,NA,NA,28.5,1.45484486,0.035,0.0205,9.8,9,8,10.1,9,9.8,0.6,9,6,5
V,0.023603793,0.006687458,18,V,2.41E-06,6.37E-06,-0.028,0.017,0.857,1.09,4,-0.05,4,Valine,0.042078,0.003526,0.003166,0.005217,29,3.97,1,0.7599,0,0,4,4,second-position-AT,first-position-GC,4,4,I-V,-0.018088215,0.010015604,0.263,Val,5.07E-06,1.41E-06,0.000314926,6.87E-06,4.73E-06,0.1480047,7.06E-06,1.15E-06,8.73E-10,7.77E-06,1.30E-06,2.40E-09,7.29E-06,1.15E-06,2.79E-10,1 Nitrogen atom,Essential,Essential,0.857,0.7599,-0.015,-0.0098,4,Valine,4,4,4,4,3,6.3,4,4,1.09,3.97,6.79,26.51,29,140,117,-0.0023116,0.0002282,0.043409,0.003513,-0.0006617,8.02E-05,0.087797619,0.027277236,0.074313204,0.011251591,-0.007660695,0.013056567,-0.009772715,11,0.72,0.66,1,1,1,16,Valine,Membrane anchor ,,22,24,2.4,15,25,537.5,7303,5675,205.5,3385.125,3.52957471,0.001,0.001,6.1,6.5,3,6.9,3,6.6,0.6,3,6,7
W,0.000667401,0.002420595,19,W,5.02E-07,9.19E-07,0.025,0.027,0.837,0.88,1,0.038,20,Tryptophan,-0.0006531,0.0013269,-0.005341,0.002929,75.5,1.04,0,0.7925,0,0,0,1,second-position-GC,first-position-AT,17,11,none,0.00986602,0.017192357,0.004,Trp,-1.99E-07,7.59E-07,0.7930612,-4.79E-07,2.50E-06,0.8481861,-1.28E-06,6.27E-07,0.04051672,-1.68E-06,6.57E-07,0.01070872,-1.55E-06,6.18E-07,0.01236893,Nitrogen rich,Essential,Essential,0.837,0.7925,0.012,-2.00E-04,20,Tryptophan,20,20,20,20,20,16.5,20,1,0.88,1.04,1,1,75.5,227.8,204,-5.35E-05,7.91E-05,-0.001244,0.001348,0.0006806,2.03E-05,0.225806452,0.080321933,-0.010309278,0.033844872,-0.154804058,0.0392137,0.05351402,8.5,NA,NA,0,0,0,NA,Tryptophan,Antioxidant,,8,5,NA,NA,NA,NA,NA,NA,NA,NA,NA,NA,NA,17.7,15.3,20,15.8,20,16.7,0.5,20,2,2
Y,-0.033438255,0.006113427,20,Y,1.39E-06,2.11E-06,-0.053,0.03,0.813,0.33,2,-0.067,18,Tyrosine,-0.028267,0.003675,-0.019036,0.003405,59,1.38,-1,0.8806,0,0,2,2,second-position-AT,first-position-AT,10,7,F-Y,-0.020255892,0.019914553,0.113,Tyr,1.53E-06,1.23E-06,0.2153081,1.48E-06,3.02E-06,0.6254941,-4.55E-06,8.86E-07,2.95E-07,-3.36E-06,8.79E-07,0.000137963,-4.54E-06,8.43E-07,7.74E-08,1 Nitrogen atom,Conditionally essential,Non-essential,0.813,0.8806,-0.02,5.00E-04,18,Tyrosine,19,18,18,19,19,15.2,19,2,0.33,1.38,3.09,3.81,59,193.6,181,0.0017975,0.0001952,-0.025973,0.003665,-0.001018,6.58E-05,-0.021406728,0.055300126,0.003103662,0.024914503,-0.00598894,0.028715084,0.009292608,9,0.63,0.04,0,1,1,NA,Tyrosine,Antioxidant,,16,7,NA,NA,2.5,1,NA,NA,NA,1.75,0.243038049,NA,NA,15.2,15.3,18,14.7,19,15.6,0.4,19,1,2